"Mobiliteitstrend; per rit, vervoerwijzen, reismotief, leeftijd en geslacht";;;;;;;;;;;;;;;;;;;;;;;;;;
Geslacht: Totaal mannen en vrouwen;;;;;;;;;;;;;;;;;;;;;;;;;;
Marges: Waarde;;;;;;;;;;;;;;;;;;;;;;;;;;
;;;;;;;;;;;;;;;;;;;;;;;;;;
;;Vervoerwijzen;Totaal;Totaal;Totaal;Auto (bestuurder);Auto (bestuurder);Auto (bestuurder);Auto (passagier);Auto (passagier);Auto (passagier);Trein;Trein;Trein;Bus/tram/metro;Bus/tram/metro;Bus/tram/metro;Fiets;Fiets;Fiets;Lopen;Lopen;Lopen;Overige vervoerwijze;Overige vervoerwijze;Overige vervoerwijze
;;Onderwerp;Ritten per persoon per dag (gemiddeld);Afgelegde afstand per rit (gemiddeld);Reisduur per rit;Ritten per persoon per dag (gemiddeld);Afgelegde afstand per rit (gemiddeld);Reisduur per rit;Ritten per persoon per dag (gemiddeld);Afgelegde afstand per rit (gemiddeld);Reisduur per rit;Ritten per persoon per dag (gemiddeld);Afgelegde afstand per rit (gemiddeld);Reisduur per rit;Ritten per persoon per dag (gemiddeld);Afgelegde afstand per rit (gemiddeld);Reisduur per rit;Ritten per persoon per dag (gemiddeld);Afgelegde afstand per rit (gemiddeld);Reisduur per rit;Ritten per persoon per dag (gemiddeld);Afgelegde afstand per rit (gemiddeld);Reisduur per rit;Ritten per persoon per dag (gemiddeld);Afgelegde afstand per rit (gemiddeld);Reisduur per rit
Perioden;Leeftijd;Reismotieven;aantal;km;Minuten;aantal;km;Minuten;aantal;km;Minuten;aantal;km;Minuten;aantal;km;Minuten;aantal;km;Minuten;aantal;km;Minuten;aantal;km;Minuten
1999*;Totaal;Totaal;3,41;10,96;23,72;1,06;16,16;23,91;0,48;19,04;28,42;0,07;51,39;50,84;0,16;11,99;27,45;0,87;3,18;19,02;0,65;1,3;20,87;0,12;17,13;32,31
1999*;Totaal;Van en naar het werk;0,59;14,78;24,83;0,23;20,62;28,76;0,05;21;31,52;0,02;42,46;42,14;0,04;12,21;25,63;0,15;3,5;17,29;0,05;0,89;10,52;0,05;17,77;27,97
1999*;Totaal;Winkelen, boodschappen doen;0,73;4,96;14,97;0,23;6,94;14,57;0,09;9,99;19,11;0,01;42,64;45,17;0,03;9,09;25,27;0,2;1,84;12,41;0,16;0,89;13,36;0,01;6,61;16,83
1999*;Totaal;Onderwijs volgen, cursus, kinderopvang;0,3;6,85;17,64;0,02;21,61;25,68;0,03;8,84;17,26;0,01;38,37;40,22;0,03;13,55;27,43;0,12;2,81;15,61;0,08;0,71;9,97;0,01;9,96;28,17
1999*;Totaal;Vrije tijd;1,19;12,42;31,37;0,31;18,15;27,9;0,25;21,47;32,46;0,02;66,83;68,11;0,04;12,48;31,66;0,27;4,61;28,74;0,27;1,93;33,08;0,03;16,92;45,59
1999*;Totaal;Overige reismotieven;0,59;13,76;21,22;0,26;17,63;23,07;0,07;25,15;28,39;0,01;67,94;60,15;0,02;12,16;26,73;0,13;2,18;13,69;0,09;0,89;12,77;0,02;27,23;31,9
2000*;Totaal;Totaal;3,35;11;23,73;1,05;16,25;23,92;0,46;18,99;28,3;0,07;51,29;50,82;0,15;12,01;27,37;0,86;3,2;19;0,63;1,33;21,11;0,12;16,83;31,9
2000*;Totaal;Van en naar het werk;0,59;14,85;24,77;0,24;20,84;28,79;0,04;21,09;31,37;0,03;42,26;42,06;0,04;11,92;25,51;0,15;3,52;17,22;0,05;0,89;10,52;0,05;17,38;27,3
2000*;Totaal;Winkelen, boodschappen doen;0,71;5,02;14,92;0,23;7,02;14,55;0,09;10,2;19,09;0,01;42,57;45,22;0,03;9;25,18;0,2;1,86;12,37;0,15;0,89;13,35;0,01;6,95;17
2000*;Totaal;Onderwijs volgen, cursus, kinderopvang;0,3;7;17,85;0,02;22,03;26,18;0,03;8,81;17,13;0,01;38,42;40,36;0,03;13,78;27,58;0,12;2,84;15,63;0,07;0,73;10,15;0,01;10,61;29,23
2000*;Totaal;Vrije tijd;1,17;12,39;31,45;0,3;18,23;27,98;0,24;21,3;32,33;0,02;66,66;67,71;0,03;12,75;31,55;0,27;4,62;28,74;0,27;1,97;33,42;0,03;16,42;45,72
2000*;Totaal;Overige reismotieven;0,58;13,65;20,94;0,26;17,53;22,91;0,06;25,16;28,17;0,01;67,55;60,18;0,02;12,17;26,78;0,12;2,15;13,45;0,09;0,87;12,27;0,02;26,35;30,46
2001*;Totaal;Totaal;3,3;10,99;23,67;1,03;16,34;23,94;0,45;19,03;28,15;0,07;50,98;50,59;0,15;11,87;27,15;0,85;3,2;18,87;0,63;1,36;21,2;0,12;16,89;31,95
2001*;Totaal;Van en naar het werk;0,58;14,87;24,82;0,24;21,02;28,96;0,04;20,57;31,1;0,02;42,28;42,02;0,04;11,85;25,38;0,14;3,55;17,28;0,05;0,92;10,94;0,04;17,61;27,5
2001*;Totaal;Winkelen, boodschappen doen;0,71;5;14,71;0,23;7,02;14,47;0,09;10,16;19,01;0,01;42,51;45,23;0,03;9,07;24,96;0,19;1,87;12,22;0,15;0,89;12,91;0,01;6,33;16
2001*;Totaal;Onderwijs volgen, cursus, kinderopvang;0,29;6,95;17,72;0,02;22,14;26,56;0,03;8,62;16,91;0,01;38,48;40,41;0,03;13,61;27,41;0,12;2,85;15,49;0,07;0,73;9,92;0,01;10,94;28,94
2001*;Totaal;Vrije tijd;1,15;12,5;31,5;0,29;18,48;28,03;0,23;21,76;32,31;0,02;66,35;67,45;0,03;12,42;31,08;0,27;4,65;28,7;0,27;2,03;33,61;0,03;17,19;45,6
2001*;Totaal;Overige reismotieven;0,57;13,48;20,9;0,25;17,54;22,92;0,06;24,36;27,87;0,01;66,94;59,89;0,02;11,92;26,53;0,12;2,14;13,32;0,09;0,86;12,61;0,02;25,25;30,57
2002*;Totaal;Totaal;3,3;11,01;23,49;1,05;16,33;23,89;0,44;19,03;28,08;0,07;50,68;50,5;0,14;11,66;27,12;0,85;3,2;18,77;0,62;1,32;20,65;0,12;17,25;31,85
2002*;Totaal;Van en naar het werk;0,59;14,83;24,63;0,24;21,06;28,91;0,04;20,66;30,9;0,02;42,36;42,15;0,04;11,7;25,34;0,15;3,55;17,17;0,05;0,88;10,37;0,04;17,5;27,06
2002*;Totaal;Winkelen, boodschappen doen;0,71;5,02;14,66;0,24;6,98;14,47;0,09;10,17;19,03;0,01;42,71;45,48;0,02;9,26;25,02;0,19;1,87;12,18;0,15;0,87;12,7;0,01;5,93;16,22
2002*;Totaal;Onderwijs volgen, cursus, kinderopvang;0,29;6,97;17,71;0,02;22,46;27,05;0,03;8,76;17,01;0,01;38,47;40,64;0,03;13,45;27,6;0,12;2,87;15,52;0,07;0,69;9,44;0,01;11,21;29,74
2002*;Totaal;Vrije tijd;1,14;12,63;31,31;0,3;18,63;28,07;0,23;21,96;32,33;0,02;66,17;67,23;0,03;12,18;31,06;0,26;4,65;28,65;0,26;2;32,98;0,03;16,96;45,56
2002*;Totaal;Overige reismotieven;0,58;13,26;20,61;0,26;17,39;22,77;0,06;23,57;27,57;0,01;65,8;59,7;0,02;10,96;26,41;0,13;2,13;13,24;0,09;0,83;11,99;0,02;28,52;31,18
2003*;Totaal;Totaal;3,3;11,04;23,65;1,04;16,56;24,01;0,44;19,27;28,09;0,07;49,93;50,1;0,14;11,35;27,13;0,87;3,26;19,09;0,62;1,34;21,01;0,11;17,96;32,59
2003*;Totaal;Van en naar het werk;0,58;14,93;24,72;0,24;21,21;29,03;0,04;20,68;30,81;0,03;42,04;42,07;0,04;11,31;25,35;0,15;3,58;17,28;0,05;0,87;10,34;0,04;18,52;27,42
2003*;Totaal;Winkelen, boodschappen doen;0,7;5,1;14,71;0,23;7,13;14,53;0,09;10,59;19,14;0,01;42,21;45,3;0,02;8,61;24,92;0,2;1,89;12,2;0,15;0,88;12,91;0,01;6,48;16,49
2003*;Totaal;Onderwijs volgen, cursus, kinderopvang;0,29;7,01;17,86;0,02;22,7;27,48;0,02;8,87;17,07;0,01;38,38;40,66;0,03;13,36;27,76;0,12;2,9;15,66;0,07;0,71;9,6;0,01;12,48;31,1
2003*;Totaal;Vrije tijd;1,15;12,66;31,6;0,3;19;28,24;0,23;22,28;32,39;0,02;65,61;66,86;0,03;11,92;31,01;0,28;4,72;29,06;0,27;2,02;33,65;0,03;18,17;46,27
2003*;Totaal;Overige reismotieven;0,58;13,11;20,52;0,26;17,52;22,83;0,06;23,41;27,44;0,01;64,97;59,53;0,02;10,66;26,43;0,13;2,15;13,29;0,09;0,8;11,81;0,02;27,19;31,94
2004*;Totaal;Totaal;3,29;11,03;23,58;1,04;16,61;24,13;0,44;19,34;28,17;0,07;49,74;50,19;0,14;11,23;27,12;0,87;3,28;19,09;0,63;1,32;20,47;0,11;17,17;32,1
2004*;Totaal;Van en naar het werk;0,61;14,76;24,56;0,24;21,48;29,15;0,04;20,63;30,62;0,03;42,09;42,25;0,04;11,35;25,41;0,16;3,6;17,32;0,06;0,86;10,48;0,04;17,93;27,52
2004*;Totaal;Winkelen, boodschappen doen;0,7;5,07;14,7;0,23;7,14;14,59;0,09;10,49;19,2;0,01;42,33;45,67;0,02;8,65;24,97;0,19;1,89;12,25;0,15;0,85;12,61;0,01;6,21;16,75
2004*;Totaal;Onderwijs volgen, cursus, kinderopvang;0,3;6,88;17,64;0,02;22,56;27,77;0,03;8,85;17,12;0,01;38,68;41;0,03;13,61;27,82;0,13;2,91;15,58;0,07;0,68;9,19;0,01;11,43;29,68
2004*;Totaal;Vrije tijd;1,15;12,97;31,52;0,3;19,27;28,34;0,23;22,94;32,57;0,02;65,44;67,11;0,03;11,55;31;0,27;4,72;29,23;0,27;2;32,9;0,03;19,03;46,37
2004*;Totaal;Overige reismotieven;0,54;12,67;20,31;0,24;16,99;22,64;0,06;21,8;27,09;0,01;64,14;59,31;0,02;9,72;26,11;0,12;2,14;13,02;0,08;0,8;11,42;0,02;22,99;29,73
2005*;Totaal;Totaal;3,23;11,07;23,69;1,01;16,88;24,25;0,42;19,46;28,08;0,07;49,24;50,03;0,13;10,83;27,11;0,85;3,33;19,31;0,63;1,36;20,51;0,11;18,51;33,69
2005*;Totaal;Van en naar het werk;0,6;15,18;24,9;0,24;22,18;29,5;0,04;21,42;30,78;0,03;41,76;42,32;0,04;11;25,55;0,15;3,67;17,67;0,06;0,88;10,26;0,04;20,18;30,01
2005*;Totaal;Winkelen, boodschappen doen;0,68;5,06;14,69;0,22;7,18;14,6;0,08;10,54;19,21;0;42,31;45,69;0,02;8,57;24,95;0,19;1,91;12,22;0,15;0,87;12,71;0,01;5,86;16,59
2005*;Totaal;Onderwijs volgen, cursus, kinderopvang;0,29;6,94;17,87;0,02;23;28,26;0,03;8,99;17,21;0,01;38,32;41;0,03;12,84;27,81;0,13;2,96;15,76;0,07;0,7;9,41;0,01;12,38;30,65
2005*;Totaal;Vrije tijd;1,13;12,9;31,6;0,29;19,61;28,46;0,22;23,24;32,5;0,01;64,93;66,74;0,03;10,93;30,84;0,27;4,77;29,33;0,27;2,06;32,71;0,03;20,68;48,55
2005*;Totaal;Overige reismotieven;0,53;12,49;20,22;0,24;16,89;22,63;0,06;21,2;26,85;0,01;63,48;59,27;0,02;9,55;26,1;0,11;2,15;12,96;0,08;0,81;11,29;0,02;22,56;29,72
2006*;Totaal;Totaal;3,25;11,01;23,69;1,01;16,99;24,31;0,41;19,33;27,9;0,07;48,81;49,6;0,13;10,23;26,87;0,86;3,33;19,1;0,65;1,4;21,02;0,11;18,49;33,14
2006*;Totaal;Van en naar het werk;0,61;15,28;24,95;0,25;22,33;29,64;0,03;21,3;30,57;0,03;41,49;42;0,04;10,37;25,3;0,15;3,69;17,65;0,06;0,89;10,62;0,04;20,5;29,52
2006*;Totaal;Winkelen, boodschappen doen;0,67;5,03;14,54;0,22;7,19;14,56;0,08;10,56;19,15;0,01;42,1;45,64;0,02;8,03;24,72;0,19;1,92;12,07;0,14;0,87;12,49;0,01;5,72;15,93
2006*;Totaal;Onderwijs volgen, cursus, kinderopvang;0,3;6,88;17,84;0,02;23,3;28,65;0,03;8,89;17,15;0,01;38,27;41,06;0,03;11,75;27,69;0,13;2,97;15,71;0,07;0,71;9,29;0,01;12,49;30,6
2006*;Totaal;Vrije tijd;1,12;12,73;31,84;0,28;19,79;28,57;0,21;23,32;32,5;0,02;64,65;66,12;0,03;10,82;30,48;0,27;4,79;29,28;0,29;2,13;33,49;0,03;19,89;47,29
2006*;Totaal;Overige reismotieven;0,55;12,31;20,05;0,24;16,7;22,52;0,06;20,52;26,59;0,01;62,63;58,83;0,02;8,83;25,87;0,12;2,17;12,87;0,08;0,81;11,09;0,02;23,06;29,36
2007*;Totaal;Totaal;3,2;11,07;23,88;1,01;17,06;24,44;0,4;19,27;27,93;0,07;48,59;49,5;0,13;10,1;26,9;0,85;3,37;19,29;0,63;1,44;21,36;0,11;17,74;33,71
2007*;Totaal;Van en naar het werk;0,61;15,49;25,15;0,26;22,41;29,76;0,03;21,24;30,49;0,03;41,37;41,95;0,04;10,2;25,36;0,15;3,71;17,72;0,06;0,89;10,46;0,04;20,37;29,66
2007*;Totaal;Winkelen, boodschappen doen;0,65;5,18;14,6;0,22;7,3;14,59;0,08;10,88;19,2;0,01;42,14;45,73;0,02;8,22;24,7;0,18;1,94;12,08;0,13;0,88;12,51;0,01;6;16,06
2007*;Totaal;Onderwijs volgen, cursus, kinderopvang;0,3;6,91;17,91;0,02;23,51;29,07;0,03;8,66;16,9;0,01;38,41;41,2;0,03;11,96;27,76;0,13;3;15,76;0,07;0,71;9,31;0,01;12,73;30,88
2007*;Totaal;Vrije tijd;1,1;12,67;32,03;0,27;19,96;28,71;0,21;23,26;32,55;0,02;64,27;65,9;0,03;10,18;30,4;0,27;4,84;29,53;0,28;2,17;33,71;0,03;18,71;48,66
2007*;Totaal;Overige reismotieven;0,54;12,11;20,19;0,25;16,43;22,55;0,06;19,79;26,47;0,01;62,44;58,81;0,01;8,57;25,77;0,12;2,2;12,94;0,08;0,84;11,46;0,02;20,26;29,84
2008*;Totaal;Totaal;3,17;10,82;23,41;0,99;16,92;24,37;0,39;18,74;27,7;0,07;48,72;49,4;0,13;9,99;26,75;0,85;3,33;18,92;0,63;1,35;20,23;0,11;16,62;31,87
2008*;Totaal;Van en naar het werk;0,62;14,99;24,52;0,26;22,26;29,57;0,03;20,57;30,1;0,03;41,78;42,23;0,04;9,91;25,2;0,16;3,69;17,45;0,07;0,8;9,19;0,04;19,11;28,63
2008*;Totaal;Winkelen, boodschappen doen;0,64;4,89;14,37;0,21;7,1;14,54;0,07;10,13;19,1;0,01;42,58;46,05;0,02;7,79;24,62;0,18;1,93;12,03;0,14;0,84;11,91;0,01;4,7;15,49
2008*;Totaal;Onderwijs volgen, cursus, kinderopvang;0,29;6,87;17,77;0,02;23,46;29,34;0,03;8,35;16,72;0,01;38,61;41,39;0,03;11,94;27,83;0,13;3;15,75;0,07;0,68;8,76;0,01;12,3;29,82
2008*;Totaal;Vrije tijd;1,06;12,58;31,64;0,27;19,76;28,6;0,2;22,83;32,36;0,01;64,7;65,65;0,03;10,35;30,1;0,25;4,79;29,2;0,27;2,09;33,23;0,03;17,72;44,7
2008*;Totaal;Overige reismotieven;0,55;11,7;19,75;0,24;16,21;22,4;0,06;19,36;26,2;0,01;62,73;58,83;0,01;8,78;25,7;0,12;2,21;12,85;0,09;0,78;10,71;0,02;18,81;28,9
2009*;Totaal;Totaal;3,2;10,9;23,58;1;17,14;24,49;0,39;18,98;27,74;0,07;48,81;49,6;0,13;10,09;26,79;0,86;3,4;19,28;0,64;1,4;20,44;0,11;16,04;32,16
2009*;Totaal;Van en naar het werk;0,61;15,16;24,68;0,25;22,64;29,77;0,03;20,76;30,05;0,03;41,73;42,35;0,04;10,08;25,23;0,16;3,74;17,62;0,07;0,81;9,39;0,04;18,31;28,45
2009*;Totaal;Winkelen, boodschappen doen;0,64;5;14,46;0,21;7,27;14,59;0,07;10,45;19,14;0;42,21;45,97;0,02;7,42;24,4;0,18;1,96;11,99;0,14;0,89;12,46;0,01;5,25;15,34
2009*;Totaal;Onderwijs volgen, cursus, kinderopvang;0,29;6,86;17,67;0,02;23,66;29,73;0,03;8,3;16,7;0,01;38,79;41,65;0,03;11,87;27,81;0,13;3,01;15,73;0,07;0,67;8,39;0,01;11,84;29,73
2009*;Totaal;Vrije tijd;1,11;12,59;31,67;0,27;20,03;28,74;0,2;23,18;32,42;0,02;64,86;65,79;0,03;10,82;30,18;0,27;4,85;29,56;0,28;2,14;32,76;0,03;16,87;45,85
2009*;Totaal;Overige reismotieven;0,55;11,71;19,76;0,25;16,28;22,43;0,06;19,02;26,07;0,01;62,47;58,83;0,01;8,56;25,64;0,12;2,24;12,85;0,09;0,81;10,77;0,02;18,26;28,3
2010*;Totaal;Totaal;3,21;10,93;23,5;1;17,29;24,59;0,4;19,06;27,67;0,07;48,48;49,42;0,13;9,73;26,71;0,83;3,4;19,25;0,68;1,38;19,91;0,11;16,66;32,62
2010*;Totaal;Van en naar het werk;0,63;15,26;24,72;0,26;22,88;29,91;0,03;20,93;29,97;0,03;41,59;42,41;0,04;9,73;25,19;0,15;3,77;17,76;0,08;0,83;9,66;0,04;19,78;29,45
2010*;Totaal;Winkelen, boodschappen doen;0,65;5,09;14,52;0,21;7,39;14,71;0,08;10,81;19,27;0;42,21;46,31;0,02;7,52;24,56;0,18;1,98;12,13;0,15;0,87;12,16;0,01;5,79;16,58
2010*;Totaal;Onderwijs volgen, cursus, kinderopvang;0,3;6,9;17,74;0,02;23,88;30,11;0,03;8,89;17,21;0,01;38,62;41,49;0,03;11,41;27,64;0,13;3,02;15,72;0,07;0,69;8,8;0,01;11,63;29,8
2010*;Totaal;Vrije tijd;1,09;12,56;31,45;0,27;20,1;28,76;0,2;23,28;32,45;0,02;64,56;65,52;0,03;10,19;29,96;0,26;4,84;29,48;0,29;2,13;31,99;0,03;16,18;44,96
2010*;Totaal;Overige reismotieven;0,53;11,91;20;0,24;16,38;22,53;0,06;19,4;26,18;0,01;62,48;59,01;0,01;8,39;25,69;0,11;2,26;12,94;0,09;0,81;11,14;0,02;19,74;29,95
2011*;Totaal;Totaal;3,09;11,21;23,76;0,97;17,73;24,73;0,36;19,51;27,72;0,07;48,37;49,49;0,13;9,64;26,71;0,85;3,45;19,47;0,61;1,41;20,5;0,11;17,9;33,08
2011*;Totaal;Van en naar het werk;0,62;15,53;24,82;0,26;23,27;29,95;0,03;21,31;29,91;0,03;41,44;42,33;0,04;9,66;25,18;0,16;3,81;17,77;0,07;0,82;9,59;0,04;20,53;29,35
2011*;Totaal;Winkelen, boodschappen doen;0,61;5,17;14,45;0,2;7,53;14,7;0,07;11,1;19,27;0,01;42,26;46,41;0,02;7,57;24,58;0,17;1,99;12,1;0,13;0,87;11,92;0,01;5,59;16,2
2011*;Totaal;Onderwijs volgen, cursus, kinderopvang;0,3;6,94;17,84;0,02;24,37;30,68;0,03;8,62;16,87;0,01;38,74;41,83;0,03;11,21;27,65;0,14;3,05;15,85;0,07;0,68;8,51;0,01;12,82;29,69
2011*;Totaal;Vrije tijd;1,05;12,93;32,1;0,26;20,76;29,05;0,19;23,82;32,48;0,02;64,14;65,36;0,03;10,16;29,94;0,26;4,92;30,12;0,27;2,18;33,26;0,03;18,53;47,64
2011*;Totaal;Overige reismotieven;0,51;12,2;19,96;0,23;16,63;22,45;0,05;19,58;25,98;0,01;61,98;58,72;0,01;7,96;25,52;0,11;2,28;12,91;0,07;0,8;10,69;0,02;21,84;29,93
2012*;Totaal;Totaal;3,11;11,13;23,84;0,98;17,63;24,73;0,36;19,21;27,7;0,07;48,33;49,47;0,12;9,43;26,61;0,86;3,47;19,56;0,61;1,42;20,98;0,1;17,51;32,71
2012*;Totaal;Van en naar het werk;0,61;15,54;24,78;0,26;23,3;29,92;0,02;20,92;29,69;0,03;41,38;42,3;0,04;9,42;24,96;0,16;3,82;17,66;0,06;0,83;9,77;0,04;18,99;27,89
2012*;Totaal;Winkelen, boodschappen doen;0,62;5,05;14,34;0,21;7,39;14,69;0,07;10,72;19,2;0;42,5;46,49;0,02;7,46;24,34;0,18;1,99;12,02;0,13;0,83;11,76;0,01;5,33;16,04
2012*;Totaal;Onderwijs volgen, cursus, kinderopvang;0,29;7,04;18,05;0,02;24,46;31,07;0,02;8,19;16,62;0,01;38,97;42,03;0,03;11,29;27,77;0,13;3,07;16,02;0,06;0,67;8,31;0,01;11,95;29,57
2012*;Totaal;Vrije tijd;1,08;12,81;32,15;0,27;20,54;29;0,19;23,42;32,43;0,02;63,91;65,12;0,03;9,44;29,6;0,27;4,93;30,06;0,28;2,2;33,7;0,03;19,72;48,13
2012*;Totaal;Overige reismotieven;0,51;12;19,92;0,23;16,57;22,43;0,05;19,49;25,95;0,01;61,68;58,49;0,01;8,07;25,56;0,11;2,28;12,95;0,08;0,81;11,15;0,02;21,67;30,41
2013*;Totaal;Totaal;3,12;11,19;23,64;0,98;17,75;24,71;0,37;19,53;27,68;0,07;48,44;49,6;0,12;9,24;26,49;0,83;3,51;19,63;0,64;1,39;20,01;0,1;17,49;32,01
2013*;Totaal;Van en naar het werk;0,61;15,64;24,62;0,26;23,6;29,96;0,02;21,02;29,5;0,03;41,32;42,44;0,04;9,06;24,86;0,16;3,85;17,66;0,07;0,81;9,31;0,04;20,59;28,16
2013*;Totaal;Winkelen, boodschappen doen;0,62;5,07;14,31;0,21;7,44;14,7;0,07;10,9;19,24;0;42,46;46,48;0,02;7,22;24,29;0,17;2;11,99;0,14;0,82;11,68;0,01;5,44;15,82
2013*;Totaal;Onderwijs volgen, cursus, kinderopvang;0,29;7,05;18,07;0,02;24,66;31,37;0,03;8,43;16,79;0,01;38,79;41,75;0,03;10,94;27,5;0,13;3,1;16,13;0,07;0,68;8,43;0,01;12,02;28,84
2013*;Totaal;Vrije tijd;1,1;13;31,68;0,27;20,84;28,98;0,2;24,04;32,44;0,02;64,24;65,27;0,03;9,6;29,47;0,27;4,96;30,07;0,28;2,14;32,01;0,03;18,53;46
2013*;Totaal;Overige reismotieven;0,5;11,77;19,67;0,23;16,33;22,27;0,05;19,09;25,82;0,01;62,13;58,8;0,01;7,9;25,43;0,11;2,28;12,84;0,08;0,8;10,52;0,02;19,52;29,62
2014*;Totaal;Totaal;3,13;11,23;24,07;0,97;17,92;24,84;0,35;19,75;27,81;0,08;48,47;49,73;0,12;9,37;26,59;0,87;3,55;19,94;0,62;1,47;21,35;0,11;17,59;33,37
2014*;Totaal;Van en naar het werk;0,62;15,81;24,87;0,26;24;30,16;0,02;21,43;29,55;0,03;41,13;42,32;0,04;9,35;24,95;0,16;3,89;17,85;0,07;0,82;9,73;0,04;21,21;29,61
2014*;Totaal;Winkelen, boodschappen doen;0,63;5,1;14,36;0,21;7,55;14,75;0,07;11,1;19,3;0;42,42;46,49;0,02;7,23;24,23;0,18;2,02;12;0,13;0,82;11,98;0,01;5,41;16,03
2014*;Totaal;Onderwijs volgen, cursus, kinderopvang;0,29;7,18;18,36;0,01;25,37;31,89;0,02;8,43;16,66;0,01;38,86;41,89;0,03;11,22;27,63;0,14;3,16;16,38;0,06;0,66;8,51;0,01;14,01;30,37
2014*;Totaal;Vrije tijd;1,11;13,07;32,53;0,27;21,27;29,3;0,19;24,45;32,67;0,02;64,03;65,23;0,03;9,48;29,47;0,28;5,04;30,73;0,29;2,26;33,86;0,03;18,48;48,72
2014*;Totaal;Overige reismotieven;0,48;11,5;19,53;0,22;15,9;22,09;0,05;18,57;25,71;0,01;62,02;58,47;0,01;7,73;25,29;0,11;2,26;12,74;0,07;0,78;10,25;0,02;18,23;29,16
2015*;Totaal;Totaal;3,03;11,36;24,14;0,95;18,04;24,84;0,34;19,7;27,62;0,08;48,27;49,46;0,12;9,14;26,43;0,84;3,58;19,98;0,6;1,48;21,69;0,1;18,21;32,82
2015*;Totaal;Van en naar het werk;0,61;15,97;24,78;0,25;24,23;30,14;0,02;21,6;29,4;0,03;41,11;42,28;0,04;9,07;24,86;0,16;3,92;17,86;0,07;0,79;9,32;0,04;21,43;28,84
2015*;Totaal;Winkelen, boodschappen doen;0,61;5,14;14,48;0,21;7,51;14,79;0,07;10,94;19,28;0;42,35;46,38;0,02;7,02;24,03;0,18;2,02;11,95;0,13;0,85;12,43;0,01;5,26;15,85
2015*;Totaal;Onderwijs volgen, cursus, kinderopvang;0,29;7,29;18,38;0,02;25,26;32,08;0,02;8,39;16,78;0,02;38,97;41,83;0,03;10,86;27,46;0,13;3,17;16,4;0,06;0,66;8,18;0,01;13,16;29,35
2015*;Totaal;Vrije tijd;1,07;13,16;32,7;0,26;21,44;29,36;0,18;24,57;32,53;0,02;63,64;64,5;0,03;9,38;29,2;0,28;5,04;30,6;0,28;2,28;34,72;0,03;19,24;48,36
2015*;Totaal;Overige reismotieven;0,45;11,91;19,68;0,21;16,07;22,08;0,05;18,72;25,57;0,01;61,53;58,49;0,01;7,38;25,16;0,1;2,25;12,67;0,06;0,77;10,06;0,01;21;29,59
2016*;Totaal;Totaal;2,99;11,34;24,1;0,93;18,12;24,92;0,34;19,49;27,58;0,08;48,52;49,57;0,12;9,02;26,31;0,82;3,58;19,92;0,59;1,45;21,5;0,1;17,03;32,21
2016*;Totaal;Van en naar het werk;0,61;15,93;24,89;0,25;24,31;30,26;0,02;21,35;29,37;0,03;41,27;42,34;0,04;9,06;24,8;0,16;3,94;17,91;0,07;0,78;9,69;0,04;20,36;29,06
2016*;Totaal;Winkelen, boodschappen doen;0,6;5,06;14,2;0,2;7,47;14,7;0,07;10,87;19,22;0;42,67;46,71;0,02;6,98;23,99;0,17;2,02;11,85;0,13;0,81;11,55;0,01;4,49;15,1
2016*;Totaal;Onderwijs volgen, cursus, kinderopvang;0,29;7,3;18,55;0,02;25,55;32,48;0,03;8,57;16,97;0,02;38,94;41,77;0,03;10,6;27,32;0,14;3,21;16,55;0,06;0,66;8,53;0,01;12,76;29,19
2016*;Totaal;Vrije tijd;1,06;13,14;32,59;0,26;21,39;29,3;0,18;24,15;32,41;0,02;64,03;64,61;0,03;9,13;28,93;0,27;5,03;30,6;0,27;2,24;34,5;0,03;18,21;46,79
2016*;Totaal;Overige reismotieven;0,43;11,89;19,66;0,2;16,05;22,02;0,04;18,74;25,53;0,01;61,5;58,12;0,01;7,43;25,06;0,09;2,24;12,56;0,06;0,77;10,14;0,01;18,55;29,04
2017*;Totaal;Totaal;2,95;11,5;24,12;0,93;18,3;24,98;0,33;19,63;27,5;0,08;48,17;49,25;0,12;8,87;26,15;0,81;3,61;19,94;0,58;1,47;21,5;0,1;17,49;31,9
2017*;Totaal;Van en naar het werk;0,62;16,11;25,1;0,26;24,53;30,39;0,02;21,47;29,3;0,03;40,93;42,25;0,04;8,65;24,71;0,16;3,98;18,09;0,07;0,82;10,29;0,04;22,27;30,28
2017*;Totaal;Winkelen, boodschappen doen;0,59;5,22;14,34;0,2;7,71;14,8;0,07;11,35;19,24;0;42,39;46,62;0,01;6,88;23,8;0,17;2,05;11,86;0,13;0,83;12;0,01;5,25;15,18
2017*;Totaal;Onderwijs volgen, cursus, kinderopvang;0,28;7,32;18,75;0,02;26,03;32,95;0,02;8,45;16,76;0,02;38,76;41,56;0,03;10,29;27,17;0,13;3,24;16,75;0,06;0,7;9,05;0,01;13,29;29,39
2017*;Totaal;Vrije tijd;1,03;13,28;32,46;0,26;21,45;29,24;0,18;24,2;32,28;0,02;63,88;64,1;0,03;9,29;28,61;0,26;5,05;30,37;0,26;2,3;34,71;0,03;16,43;44
2017*;Totaal;Overige reismotieven;0,43;11,94;19,63;0,2;16,13;22,01;0,04;18,78;25,47;0,01;61,37;57,99;0,01;7,6;25,16;0,09;2,25;12,57;0,06;0,76;10,18;0,01;19,27;28,78
2018*;Totaal;Totaal;3,04;11,55;24,15;0,95;18,58;25,05;0,33;19,96;27,55;0,08;48,11;49,39;0,12;8,62;26,13;0,85;3,65;20,09;0,6;1,49;21,35;0,1;18,22;32,72
2018*;Totaal;Van en naar het werk;0,64;16,12;24,84;0,27;24,81;30,33;0,02;21,57;29,1;0,03;40,97;42,42;0,04;8,54;24,68;0,17;4;18,02;0,08;0,78;9,51;0,04;22,84;30,33
2018*;Totaal;Winkelen, boodschappen doen;0,59;5,21;14,3;0,2;7,7;14,85;0,07;11,36;19,33;0;42,39;46,93;0,01;6,71;23,9;0,17;2,05;11,93;0,13;0,81;11,54;0,01;5,32;16,07
2018*;Totaal;Onderwijs volgen, cursus, kinderopvang;0,28;7,33;18,63;0,02;25,83;33,05;0,02;8,28;16,74;0,02;39,12;41,79;0,03;10,4;27,13;0,13;3,24;16,66;0,06;0,67;8,48;0,01;11,56;28
2018*;Totaal;Vrije tijd;1,07;13,42;32,7;0,26;22,06;29,42;0,18;24,83;32,38;0,02;62,98;63,8;0,03;8,5;28,57;0,28;5,14;30,84;0,28;2,34;34,54;0,03;19,57;47,59
2018*;Totaal;Overige reismotieven;0,45;11,55;19,27;0,21;16;21,87;0,04;18,53;25,32;0,01;61,18;57,88;0,01;7,26;24,9;0,1;2,26;12,47;0,06;0,77;9,98;0,01;17,77;27,83
2019*;Totaal;Totaal;2,97;11,64;24,18;0,94;18,59;25;0,32;20,12;27,57;0,08;48,21;49,51;0,12;8,53;26,06;0,82;3,67;20,21;0,58;1,49;21,31;0,1;17,84;31,94
2019*;Totaal;Van en naar het werk;0,61;16,13;24,83;0,25;24,99;30,38;0,02;21,43;28,94;0,03;41,01;42,46;0,04;8,42;24,49;0,16;4,04;18,03;0,07;0,79;9,69;0,04;21,54;29,36
2019*;Totaal;Winkelen, boodschappen doen;0,57;5,36;14,35;0,2;7,78;14,86;0,06;11,65;19,34;0;42,25;46,89;0,01;6,56;23,8;0,16;2,06;11,91;0,12;0,8;11,59;0,01;5,61;15,99
2019*;Totaal;Onderwijs volgen, cursus, kinderopvang;0,28;7,28;18,58;0,01;26,09;33,31;0,02;8,11;16,54;0,02;39,06;41,63;0,03;10,02;26,89;0,13;3,26;16,69;0,06;0,67;8,39;0,01;11,64;27,59
2019*;Totaal;Vrije tijd;1,05;13,5;32,59;0,26;22,07;29,47;0,18;25,03;32,44;0,02;63,31;64,06;0,03;8,59;28,53;0,27;5,12;31,04;0,27;2,31;33,87;0,03;19,79;45,64
2019*;Totaal;Overige reismotieven;0,45;11,87;19,57;0,21;16,31;22,08;0,05;18,76;25,47;0,01;60,88;57,88;0,01;7,44;25,18;0,1;2,29;12,67;0,06;0,77;10,05;0,01;17,78;29,11
Bron: CBS;;;;;;;;;;;;;;;;;;;;;;;;;;
